{
  "project_info": {
    "project_number": "755319445172",
    "firebase_url": "https://happyfood-f08e6-default-rtdb.europe-west1.firebasedatabase.app",
    "project_id": "happyfood-f08e6",
    "storage_bucket": "happyfood-f08e6.appspot.com"
  },
  "client": [
    {
      "client_info": {
        "mobilesdk_app_id": "1:755319445172:android:2955e48c0199b8116929e1",
        "android_client_info": {
          "package_name": "com.mycompany.happy3"
        }
      },
      "oauth_client": [],
      "api_key": [
        {
          "current_key": "AIzaSyBDUHJoX-kyinwhUsxBbH4ai61iZuotlAM"
        }
      ],
      "services": {
        "appinvite_service": {
          "other_platform_oauth_client": []
        }
      }
    }
  ],
  "configuration_version": "1"
}